amelieordway72@gettysburg.edu,Amelie,Ordway
phillisellissa7@udelas.ac.pa,Phillis,Ellissa
deeyncazzie31@chuka.ac.ke,Deeyn,Cazzie
bernicejohn37@unioeste.br,Bernice,John
bertyrehnberg93@vgcc.edu,Berty,Rehnberg
estrellitaalexander82@hes-so.ch,Estrellita,Alexander
florylanny2@utas.edu.au,Flory,Lanny
verinejezabelle94@yu.edu,Verine,Jezabelle
kimbralara73@salvador.edu.ar,Kimbra,Lara
dorenefelty45@puea.ac.ke,Dorene,Felty
cosettadekeles59@alextech.edu,Cosetta,Dekeles
laurettawilde1@iiitg.ac.in,Lauretta,Wilde
renielodge15@saxion.edu,Renie,Lodge
rosalindenewhall68@up45.ac.id,Rosalinde,Newhall
drusillajeannie38@padmavatiwomen-univ.org,Drusilla,Jeannie
kippysarson53@i-med.ac.at,Kippy,Sarson
talliedwight96@saitama-u.ac.jp,Tallie,Dwight
gwenoracostanza27@ub.es,Gwenora,Costanza
kimberleevanthe52@ppu.edu,Kimberlee,Vanthe
margymarjorie90@merritt.edu,Margy,Marjorie
kelceyced32@my-pharm.ac.jp,Kelcey,Ced
ethelinrobinett42@konan-wu.ac.jp,Ethelin,Robinett
nissaoehsen34@howardcc.edu,Nissa,Oehsen
lishegardner20@jxufe.edu.cn,Lishe,Gardner
donettalamb24@leon.uia.mx,Donetta,Lamb
brandedame89@ucsd.edu,Brande,Dame
georgenavladamar51@butlercc.edu,Georgena,Vladamar
blithenichole8@scciowa.edu,Blithe,Nichole
moinapawsner91@psu.kz,Moina,Pawsner
livviemcdonald0@mku.edu.tr,Livvie,McDonald
leilahemile61@lagrange.edu,Leilah,Emile
esmariatertia80@iipsindia.org,Esmaria,Tertia
chlorisethelin69@univ-toamasina.mg,Chloris,Ethelin
viviannaphillada41@giki.edu.pk,Vivianna,Phillada
barbrafaulkner54@univ-ibntofail.ac.ma,Barbra,Faulkner
robinetkirkwood26@unincca.edu.co,Robinet,Kirkwood
marthesilvester17@upv.es,Marthe,Silvester
dediedaughtry74@yuksekihtisasuniversitesi.edu.tr,Dedie,Daughtry
shelbytharp4@gmu.ac.ir,Shelby,Tharp
chadsaucy83@mesacc.edu,Chad,Saucy
susannahluba14@oshmed.com,Susannah,Luba
sibyllamilda64@hamline.edu,Sibylla,Milda
venuskessia85@fh-hwz.ch,Venus,Kessia
lucretiatraweek5@gujaratuniversity.org.in,Lucretia,Traweek
rowenasorci48@spbstu.ru,Rowena,Sorci
leeannemak19@agsm.gr,Leeanne,Mak
emalialeonard86@unima.ac.id,Emalia,Leonard
neysanussbaum25@ibaraki.ac.jp,Neysa,Nussbaum
cherianneshannan88@cam.ac.uk,Cherianne,Shannan
valerydoerrer95@unimagdalena.edu.co,Valery,Doerrer
juliennefitting44@haskell.edu,Julienne,Fitting
marysgradeigh9@ohlone.edu,Marys,Gradeigh
adelaidebelia30@merritt.edu,Adelaide,Belia
bernadettemerline6@vnmu.vn.ua,Bernadette,Merline
madelinlee56@tepeyac.edu.mx,Madelin,Lee
elsychina39@diu.net.bd,Elsy,China
saudraatwood63@hightech.edu,Saudra,Atwood
blissegipps84@mtu.edu.et,Blisse,Gipps
kristynanastice16@nsu.edu.np,Kristyn,Anastice
tomasinavenezia47@insa-tlse.fr,Tomasina,Venezia
aidapeirce36@maysville.kctcs.edu,Aida,Peirce
sadelladoscher87@ipl.pt,Sadella,Doscher
farrahboff21@csudh.edu,Farrah,Boff
kittialesandrini40@ucc.edu,Kitti,Alesandrini
dannyedenison10@ntu.edu.sg,Dannye,Denison
denicenissa97@univ-alger3.dz,Denice,Nissa
margalosall12@winthrop.edu,Margalo,Sall
ernestineivonne13@uh1.ac.ma,Ernestine,Ivonne
jaclynbyron70@orkhon.edu.mn,Jaclyn,Byron
neelyrichara71@sadatacademy.edu.eg,Neely,Richara
nellezoara78@morainevalley.edu,Nelle,Zoara
casiegaulin75@tma.uz,Casie,Gaulin
aggidelastre76@hes-so.ch,Aggi,Delastre
lilithbaras79@alldunivpio.org,Lilith,Baras
nanceeyand49@unikis.ac.cd,Nancee,Yand
britneyliddie55@fplc.edu,Britney,Liddie
tamqrahmackoff35@dundee.ac.uk,Tamqrah,Mackoff
arlysola50@unimed.ac.id,Arly,Sola
rhiamonbergess46@cu.ac.bd,Rhiamon,Bergess
dyannamarybelle77@whu-koblenz.de,Dyanna,Marybelle
heidalathrope58@okanagan.bc.ca,Heida,Lathrope
dionedwaine81@fom.de,Dione,Dwaine
keeliaaigneis22@ucna.info,Keelia,Aigneis
rebbeccalaural57@karatekin.edu.tr,Rebbecca,Laural
jeaniewollis60@ecc.edu,Jeanie,Wollis
kairedfield3@grinnell.edu,Kai,Redfield
tansygarey66@ufjf.br,Tansy,Garey
aliedveh33@ensaia.u-nancy.fr,Ali,Edveh
eydeveradi43@yasar.edu.tr,Eyde,Veradi
almatobie28@iaseduniv.org,Alma,Tobie
almedalira11@rnu.edu.ng,Almeda,Lira
blancaalathia23@ispab.pt,Blanca,Alathia
wandiefilemon29@ulaval.ca,Wandie,Filemon
taffykatee65@urc.edu.ph,Taffy,Katee
rheadeb92@kastamonu.edu.tr,Rhea,Deb
kendrerozalie67@ue.edu.ph,Kendre,Rozalie
petasymon98@tcm.ac.uk,Peta,Symon
brieranastas99@uqar.uquebec.ca,Brier,Anastas
phoebeursulette18@uner.edu.ar,Phoebe,Ursulette
salomeyuille62@deylaman.ac.ir,Salome,Yuille
